username,password,role
,,
megan.chang,aqtgbycf,doctor
michael.snow,wqrcdhpo,doctor
tonya.patrick,qprodigc,doctor
leslie.bowman,dmtuiaze,doctor
jennifer.ross,rgfklanw,doctor
james.bradley,ctwubfgs,doctor
whitney.burns,lhwdnigq,doctor
amy.roberts,ziclrsxt,doctor
tina.green,lktywefv,doctor
frances.massey,xdlykntc,doctor
joshua.vasquez,jpotmbwg,patient
lisa.walters,fquesgby,patient
catherine.lee,xsvrabnu,patient
henry.gordon,rytfjbzm,patient
candice.ramos,ebzwnrvs,patient
emily.garza,ahxoqnue,patient
anthony.savage,fjxcoisq,patient
amy.mccarty,vdqeuokm,patient
james.franklin,gdfqpbyu,patient
stacey.mays,hyrgfsac,patient
kristine.higgins,ykjadxmb,patient
kevin.houston,azxjcwyg,patient
cameron.miller,axlogbjt,patient
rebecca.hayes,buvojsnt,patient
richard.frazier,yvhdocbk,patient
carl.miller,mlrducwx,patient
christopher.bauer,tgapjhez,patient
marvin.snyder,uqdljpas,patient
paul.williams,nhqpebuc,patient
tara.reeves,gncmpylf,patient
jonathan.johnson,xghzynvm,patient
lacey.jordan,hjlzoqdt,patient
julie.carter,yughntoe,patient
kyle.bennett,hjwyoevt,patient
brittany.evans,qlijxyda,patient
angela.watts,pjnwacek,patient
danny.irwin,hsbardko,patient
sean.francis,edwsoyfj,patient
amanda.jenkins,ztrfmuvg,patient
tracy.mason,dsoaizrf,patient
adam.williams,zpsjiwue,patient
michael.lucero,bgfltdqp,patient
stephen.welch,glyndqom,patient
sandra.chavez,rnljftvs,patient
larry.heath,jzfqkpia,patient
cheyenne.meyers,kcisvztq,patient
allen.mendez,svxtgnhp,patient
michael.leonard,pknjezcb,patient
william.jones,bitszrpd,patient
lisa.mclaughlin,achvoyqf,patient
michael.ryan,fnplotrh,patient
douglas.collins,yrvomxwk,patient
sonya.frye,zqcrdlei,patient
anthony.randolph,xpunrifq,patient
kendra.duncan,mudrtzqw,patient
jason.knight,qdogyxre,patient
caroline.archer,venwbsfj,patient
alyssa.brown,ryupbtjv,patient
karen.moore,oywkrdlp,patient
joel.reeves,twnohfzr,patient
admin,garrett_is_awesome,admin
